{
  "train_losses": [
    0.6575380352636179,
    0.6248434366037449
  ],
  "val_losses": [
    0.6060520807902018,
    0.5915575002630552
  ],
  "train_accuracies": [
    56.44736842105263,
    63.421052631578945
  ],
  "val_accuracies": [
    63.492063492063494,
    64.55026455026454
  ],
  "best_epoch": 2,
  "best_val_loss": 0.5915575002630552,
  "best_val_accuracy": 64.55026455026454
}