{
  "train_losses": [
    0.6535149073849121,
    0.608995663623015
  ],
  "val_losses": [
    0.6246613611777624,
    0.590514620145162
  ],
  "train_accuracies": [
    59.94729907773386,
    66.53491436100131
  ],
  "val_accuracies": [
    62.10526315789474,
    68.94736842105263
  ],
  "best_epoch": 2,
  "best_val_loss": 0.590514620145162,
  "best_val_accuracy": 68.94736842105263
}