{
  "train_losses": [
    0.7685422922174135,
    0.7213217616081238
  ],
  "val_losses": [
    0.7071837981541952,
    0.6819067398707072
  ],
  "train_accuracies": [
    47.82608695652174,
    52.569169960474305
  ],
  "val_accuracies": [
    58.421052631578945,
    57.36842105263158
  ],
  "best_epoch": 2,
  "best_val_loss": 0.6819067398707072,
  "best_val_accuracy": 57.36842105263158
}