{
  "train_losses": [
    0.62834424401323,
    0.6186472158879042
  ],
  "val_losses": [
    0.6531834552685419,
    0.6317551781733831
  ],
  "train_accuracies": [
    63.10935441370224,
    64.82213438735178
  ],
  "val_accuracies": [
    58.94736842105263,
    62.63157894736842
  ],
  "best_epoch": 2,
  "best_val_loss": 0.6317551781733831,
  "best_val_accuracy": 62.63157894736842
}