{
  "train_losses": [
    0.7008971919616064,
    0.6486311430732409
  ],
  "val_losses": [
    0.7358556836843491,
    0.6788408160209656
  ],
  "train_accuracies": [
    57.312252964426875,
    62.582345191040844
  ],
  "val_accuracies": [
    55.78947368421053,
    61.578947368421055
  ],
  "best_epoch": 2,
  "best_val_loss": 0.6788408160209656,
  "best_val_accuracy": 61.578947368421055
}